{
    "GradientBoosting": {
        "RMSE": 1323384.3865233632,
        "R^2 Score": 0.6241591044702995
    },
    "LinearRegression": {
        "RMSE": 1305190.4173620956,
        "R^2 Score": 0.6344222341441864
    },
    "RandomForest": {
        "RMSE": 1477427.371327274,
        "R^2 Score": 0.5315704298484853
    }
}