{
    "GradientBoosting": {
        "RMSE": 1377921.757447546,
        "R^2 Score": 0.5925436065653702
    },
    "LinearRegression": {
        "RMSE": 1305190.4173620956,
        "R^2 Score": 0.6344222341441864
    },
    "RandomForest": {
        "RMSE": 1464902.4208455891,
        "R^2 Score": 0.5394790257985634
    }
}